question,used_sources,status,mode,answer,answer_preview,context_preview,user_prompt_preview,error,used_context_count,raw_model_output,category,question_no
국민연금공단의 2024년 이러닝시스템 운영 용역의 사업 금액과 입찰 참여 마감일을 알려줘.,[],ok,generate,"1. 답변
해당 문서에서 확인할 수 없습니다. 국민연금공단의 2024년 이러닝시스템 운영 용역의 사업 금액과 입찰 참여 마감일 모두 제공된 문서에서 확인되지 않습니다. (불확실)

2. 근거
검색된 문서가 없습니다. 제공된 참고 문서가 없어 관련 정보 확인이 불가능합니다.

3. 출처
검색된 문서가 없습니다.","1. 답변
해당 문서에서 확인할 수 없습니다. 국민연금공단의 2024년 이러닝시스템 운영 용역의 사업 금액과 입찰 참여 마감일 모두 제공된 문서에서 확인되지 않습니다. (불확실)

2. 근거
검색된 문서가 없습니다. 제공된 참고 문서가 없어 관련 정보 확인이 불가능합니다.

3. 출처
검색된 문서가 없습니다.",검색된 문서가 없습니다.,"[참고 문서]
검색된 문서가 없습니다.

[최근 대화]
없음

[질문]
국민연금공단의 2024년 이러닝시스템 운영 용역의 사업 금액과 입찰 참여 마감일을 알려줘.

[답변 형식 선택 규칙]
- 질문 의도를 먼저 파악한 뒤 가장 적절한 형식을 선택하세요.
- 하나의 질문이 여러 유형을 동시에 포함하면, 더 핵심적인 요청을 우선하세요.
- 비교 요청이 있으면 비교 형식을 우선하세요.
- 추천/판단 요청이 있으면 추천 근거와 리스크를 함께 제시하세요.
- 근거/원문 요청이 있으면 근거 문장을 별도 항목으로 제시하세요.
- 후속 질문이면 최근 대화 맥락을 반영하세요.
- 문서 범위를 벗어나면 ""해당 문서에서 확인할 수 없습니다.""라고 답하세요.

[사실 확인형]
예: 예산, 기관, 일정, 제출 방식, 제출 서류
형식:
1. 답변
2. 근거
3. 출처

[조건 확인형]
예: 자격요건, 유지보수 포함 여부, 공동수급 가능 여부, 보안 요구 존재 여부
형식:
1. 확인 결과 (있음 / 없음 / 불확실)
2. 세부 내용
3. 근거
4. 출처

[요약형]
예: 목적, 배경, 핵심 요구사항, 기능/비기능 정리
형식:
1. 요약
2. 상세 정리
3. 핵심 근거
4. 출처

[비교형]
예: 두 사업 비교, 공통점/차이점, 어느 쪽이 더 어려운지
형식:
1. 비교 요약
2. 공통점
3. 차이점
4. 판단 포인트
5. 출처

[추천/판단형]
예: 어떤 고객사에 적합한지, 추천할 만한지, go/no-go 판단
형식:
1. 추천/판단 요약
2. 추천 근거
3. 리스크 또는 주의사항
4. 불확실한 부분
5. 출처

[근거 제시형]
예: 근거 문장 보여줘, 원문 기준으로 알려줘, 문서 근거와 같이 보여줘
형식:
1. 답변
2. 근거 문장
3. 출처

[후속 질문형]
예: 그중 필수 조건만, 아까 비교한 내용 중 일정만, 다시 짧게 정리
형식:
1. 후속 답변
2. 이전 맥락과 연결되는 핵심 내용
3. 근거
4. 출처

[거절형]
예: 문서에 없는 내용, 문서 범위를 벗어난 질문, 근거 없는 추정 요청
형식:
1. 확인 결과
2. 확인할 수 없는 이유
3. 출처

[기본 형식]
위 유형 중 하나로 명확히 판단되지 않으면 아래 형식을 사용하세요.
1. 요약
2. 상세 내용
3. 근거
4. 출처",,0,"1. 답변
해당 문서에서 확인할 수 없습니다. 국민연금공단의 2024년 이러닝시스템 운영 용역의 사업 금액과 입찰 참여 마감일 모두 제공된 문서에서 확인되지 않습니다. (불확실)

2. 근거
검색된 문서가 없습니다. 제공된 참고 문서가 없어 관련 정보 확인이 불가능합니다.

3. 출처
검색된 문서가 없습니다.",fact,1
고려대학교 차세대 포털·학사 정보시스템 구축사업의 발주기관과 사업 금액을 알려줘.,[],ok,generate,"1. 답변
해당 문서에서 확인할 수 없습니다. (불확실)

2. 근거
검색된 문서가 없습니다.

3. 출처
검색된 문서가 없습니다.","1. 답변
해당 문서에서 확인할 수 없습니다. (불확실)

2. 근거
검색된 문서가 없습니다.

3. 출처
검색된 문서가 없습니다.",검색된 문서가 없습니다.,"[참고 문서]
검색된 문서가 없습니다.

[최근 대화]
없음

[질문]
고려대학교 차세대 포털·학사 정보시스템 구축사업의 발주기관과 사업 금액을 알려줘.

[답변 형식 선택 규칙]
- 질문 의도를 먼저 파악한 뒤 가장 적절한 형식을 선택하세요.
- 하나의 질문이 여러 유형을 동시에 포함하면, 더 핵심적인 요청을 우선하세요.
- 비교 요청이 있으면 비교 형식을 우선하세요.
- 추천/판단 요청이 있으면 추천 근거와 리스크를 함께 제시하세요.
- 근거/원문 요청이 있으면 근거 문장을 별도 항목으로 제시하세요.
- 후속 질문이면 최근 대화 맥락을 반영하세요.
- 문서 범위를 벗어나면 ""해당 문서에서 확인할 수 없습니다.""라고 답하세요.

[사실 확인형]
예: 예산, 기관, 일정, 제출 방식, 제출 서류
형식:
1. 답변
2. 근거
3. 출처

[조건 확인형]
예: 자격요건, 유지보수 포함 여부, 공동수급 가능 여부, 보안 요구 존재 여부
형식:
1. 확인 결과 (있음 / 없음 / 불확실)
2. 세부 내용
3. 근거
4. 출처

[요약형]
예: 목적, 배경, 핵심 요구사항, 기능/비기능 정리
형식:
1. 요약
2. 상세 정리
3. 핵심 근거
4. 출처

[비교형]
예: 두 사업 비교, 공통점/차이점, 어느 쪽이 더 어려운지
형식:
1. 비교 요약
2. 공통점
3. 차이점
4. 판단 포인트
5. 출처

[추천/판단형]
예: 어떤 고객사에 적합한지, 추천할 만한지, go/no-go 판단
형식:
1. 추천/판단 요약
2. 추천 근거
3. 리스크 또는 주의사항
4. 불확실한 부분
5. 출처

[근거 제시형]
예: 근거 문장 보여줘, 원문 기준으로 알려줘, 문서 근거와 같이 보여줘
형식:
1. 답변
2. 근거 문장
3. 출처

[후속 질문형]
예: 그중 필수 조건만, 아까 비교한 내용 중 일정만, 다시 짧게 정리
형식:
1. 후속 답변
2. 이전 맥락과 연결되는 핵심 내용
3. 근거
4. 출처

[거절형]
예: 문서에 없는 내용, 문서 범위를 벗어난 질문, 근거 없는 추정 요청
형식:
1. 확인 결과
2. 확인할 수 없는 이유
3. 출처

[기본 형식]
위 유형 중 하나로 명확히 판단되지 않으면 아래 형식을 사용하세요.
1. 요약
2. 상세 내용
3. 근거
4. 출처",,0,"1. 답변
해당 문서에서 확인할 수 없습니다. (불확실)

2. 근거
검색된 문서가 없습니다.

3. 출처
검색된 문서가 없습니다.",fact,2
국민연금공단의 2024년 이러닝시스템 운영 용역의 목적과 주요 업무를 5줄 이내로 요약해줘.,[],ok,generate,"1. 확인 결과
해당 문서에서 확인할 수 없습니다.

2. 확인할 수 없는 이유
제공된 참고 문서가 없으며(검색된 문서가 없습니다), 요청한 RFP(국민연금공단 2024년 이러닝시스템 운영 용역)의 목적 및 주요 업무는 주어진 문서 내 근거가 없으므로 문서 근거에 기반한 요약을 제공할 수 없습니다. (불확실)

3. 출처
검색된 문서가 없습니다.","1. 확인 결과
해당 문서에서 확인할 수 없습니다.

2. 확인할 수 없는 이유
제공된 참고 문서가 없으며(검색된 문서가 없습니다), 요청한 RFP(국민연금공단 2024년 이러닝시스템 운영 용역)의 목적 및 주요 업무는 주어진 문서 내 근거가 없으므로 문서 근거에 기반한 요약을 제공할 수 없습니다. (불확실)

3. 출처
검색된 문서가 없습니다.",검색된 문서가 없습니다.,"[참고 문서]
검색된 문서가 없습니다.

[최근 대화]
없음

[질문]
국민연금공단의 2024년 이러닝시스템 운영 용역의 목적과 주요 업무를 5줄 이내로 요약해줘.

[답변 형식 선택 규칙]
- 질문 의도를 먼저 파악한 뒤 가장 적절한 형식을 선택하세요.
- 하나의 질문이 여러 유형을 동시에 포함하면, 더 핵심적인 요청을 우선하세요.
- 비교 요청이 있으면 비교 형식을 우선하세요.
- 추천/판단 요청이 있으면 추천 근거와 리스크를 함께 제시하세요.
- 근거/원문 요청이 있으면 근거 문장을 별도 항목으로 제시하세요.
- 후속 질문이면 최근 대화 맥락을 반영하세요.
- 문서 범위를 벗어나면 ""해당 문서에서 확인할 수 없습니다.""라고 답하세요.

[사실 확인형]
예: 예산, 기관, 일정, 제출 방식, 제출 서류
형식:
1. 답변
2. 근거
3. 출처

[조건 확인형]
예: 자격요건, 유지보수 포함 여부, 공동수급 가능 여부, 보안 요구 존재 여부
형식:
1. 확인 결과 (있음 / 없음 / 불확실)
2. 세부 내용
3. 근거
4. 출처

[요약형]
예: 목적, 배경, 핵심 요구사항, 기능/비기능 정리
형식:
1. 요약
2. 상세 정리
3. 핵심 근거
4. 출처

[비교형]
예: 두 사업 비교, 공통점/차이점, 어느 쪽이 더 어려운지
형식:
1. 비교 요약
2. 공통점
3. 차이점
4. 판단 포인트
5. 출처

[추천/판단형]
예: 어떤 고객사에 적합한지, 추천할 만한지, go/no-go 판단
형식:
1. 추천/판단 요약
2. 추천 근거
3. 리스크 또는 주의사항
4. 불확실한 부분
5. 출처

[근거 제시형]
예: 근거 문장 보여줘, 원문 기준으로 알려줘, 문서 근거와 같이 보여줘
형식:
1. 답변
2. 근거 문장
3. 출처

[후속 질문형]
예: 그중 필수 조건만, 아까 비교한 내용 중 일정만, 다시 짧게 정리
형식:
1. 후속 답변
2. 이전 맥락과 연결되는 핵심 내용
3. 근거
4. 출처

[거절형]
예: 문서에 없는 내용, 문서 범위를 벗어난 질문, 근거 없는 추정 요청
형식:
1. 확인 결과
2. 확인할 수 없는 이유
3. 출처

[기본 형식]
위 유형 중 하나로 명확히 판단되지 않으면 아래 형식을 사용하세요.
1. 요약
2. 상세 내용
3. 근거
4. 출처",,0,"1. 확인 결과
해당 문서에서 확인할 수 없습니다.

2. 확인할 수 없는 이유
제공된 참고 문서가 없으며(검색된 문서가 없습니다), 요청한 RFP(국민연금공단 2024년 이러닝시스템 운영 용역)의 목적 및 주요 업무는 주어진 문서 내 근거가 없으므로 문서 근거에 기반한 요약을 제공할 수 없습니다. (불확실)

3. 출처
검색된 문서가 없습니다.",summary,1
고려대학교 차세대 포털·학사 정보시스템 구축사업의 추진 배경과 핵심 구축 목표를 요약해줘.,[],ok,generate,"1. 확인 결과
해당 문서에서 확인할 수 없습니다.

2. 확인할 수 없는 이유
제공하신 참고 문서가 없으므로(검색된 문서가 없습니다) 고려대학교 차세대 포털·학사 정보시스템 구축사업의 추진 배경과 핵심 구축 목표는 문서 근거로 확인할 수 없습니다.

3. 출처
검색된 문서가 없습니다.","1. 확인 결과
해당 문서에서 확인할 수 없습니다.

2. 확인할 수 없는 이유
제공하신 참고 문서가 없으므로(검색된 문서가 없습니다) 고려대학교 차세대 포털·학사 정보시스템 구축사업의 추진 배경과 핵심 구축 목표는 문서 근거로 확인할 수 없습니다.

3. 출처
검색된 문서가 없습니다.",검색된 문서가 없습니다.,"[참고 문서]
검색된 문서가 없습니다.

[최근 대화]
없음

[질문]
고려대학교 차세대 포털·학사 정보시스템 구축사업의 추진 배경과 핵심 구축 목표를 요약해줘.

[답변 형식 선택 규칙]
- 질문 의도를 먼저 파악한 뒤 가장 적절한 형식을 선택하세요.
- 하나의 질문이 여러 유형을 동시에 포함하면, 더 핵심적인 요청을 우선하세요.
- 비교 요청이 있으면 비교 형식을 우선하세요.
- 추천/판단 요청이 있으면 추천 근거와 리스크를 함께 제시하세요.
- 근거/원문 요청이 있으면 근거 문장을 별도 항목으로 제시하세요.
- 후속 질문이면 최근 대화 맥락을 반영하세요.
- 문서 범위를 벗어나면 ""해당 문서에서 확인할 수 없습니다.""라고 답하세요.

[사실 확인형]
예: 예산, 기관, 일정, 제출 방식, 제출 서류
형식:
1. 답변
2. 근거
3. 출처

[조건 확인형]
예: 자격요건, 유지보수 포함 여부, 공동수급 가능 여부, 보안 요구 존재 여부
형식:
1. 확인 결과 (있음 / 없음 / 불확실)
2. 세부 내용
3. 근거
4. 출처

[요약형]
예: 목적, 배경, 핵심 요구사항, 기능/비기능 정리
형식:
1. 요약
2. 상세 정리
3. 핵심 근거
4. 출처

[비교형]
예: 두 사업 비교, 공통점/차이점, 어느 쪽이 더 어려운지
형식:
1. 비교 요약
2. 공통점
3. 차이점
4. 판단 포인트
5. 출처

[추천/판단형]
예: 어떤 고객사에 적합한지, 추천할 만한지, go/no-go 판단
형식:
1. 추천/판단 요약
2. 추천 근거
3. 리스크 또는 주의사항
4. 불확실한 부분
5. 출처

[근거 제시형]
예: 근거 문장 보여줘, 원문 기준으로 알려줘, 문서 근거와 같이 보여줘
형식:
1. 답변
2. 근거 문장
3. 출처

[후속 질문형]
예: 그중 필수 조건만, 아까 비교한 내용 중 일정만, 다시 짧게 정리
형식:
1. 후속 답변
2. 이전 맥락과 연결되는 핵심 내용
3. 근거
4. 출처

[거절형]
예: 문서에 없는 내용, 문서 범위를 벗어난 질문, 근거 없는 추정 요청
형식:
1. 확인 결과
2. 확인할 수 없는 이유
3. 출처

[기본 형식]
위 유형 중 하나로 명확히 판단되지 않으면 아래 형식을 사용하세요.
1. 요약
2. 상세 내용
3. 근거
4. 출처",,0,"1. 확인 결과
해당 문서에서 확인할 수 없습니다.

2. 확인할 수 없는 이유
제공하신 참고 문서가 없으므로(검색된 문서가 없습니다) 고려대학교 차세대 포털·학사 정보시스템 구축사업의 추진 배경과 핵심 구축 목표는 문서 근거로 확인할 수 없습니다.

3. 출처
검색된 문서가 없습니다.",summary,2
국민연금공단의 2024년 이러닝시스템 운영 용역에 유지보수 또는 운영지원 요구사항이 있는지 알려줘.,[],ok,generate,"1. 확인 결과: 불확실 (해당 문서에서 확인할 수 없습니다.)

2. 세부 내용:
- 요청하신 ""국민연금공단의 2024년 이러닝시스템 운영 용역에 유지보수 또는 운영지원 요구사항이 있는지"" 여부는 제공된 참조 문서가 없어 문서 근거로 확인할 수 없습니다.
- 문서가 제공되면 해당 문서의 요구사항(유지보수 포함 여부, 운영지원 범위 등)을 근거로만 답변드릴 수 있습니다.

3. 근거:
- 검색된 문서가 없습니다. 따라서 RFP 내 조항을 확인할 수 없음.

4. 출처:
- 검색된 문서가 없습니다.","1. 확인 결과: 불확실 (해당 문서에서 확인할 수 없습니다.)

2. 세부 내용:
- 요청하신 ""국민연금공단의 2024년 이러닝시스템 운영 용역에 유지보수 또는 운영지원 요구사항이 있는지"" 여부는 제공된 참조 문서가 없어 문서 근거로 확인할 수 없습니다.
- 문서가 제공되면 해당 문서의 요구사항(유지보수 포함 여부, 운영지원 범위 등)을 근거로만 답변드릴 수 있습니다.

3. 근거:
- 검색된 문서가 없습니다. 따라서 RFP 내 조항을 확인할 수 없음.

4. 출처:
- 검색된 문서가 없습니다.",검색된 문서가 없습니다.,"[참고 문서]
검색된 문서가 없습니다.

[최근 대화]
없음

[질문]
국민연금공단의 2024년 이러닝시스템 운영 용역에 유지보수 또는 운영지원 요구사항이 있는지 알려줘.

[답변 형식 선택 규칙]
- 질문 의도를 먼저 파악한 뒤 가장 적절한 형식을 선택하세요.
- 하나의 질문이 여러 유형을 동시에 포함하면, 더 핵심적인 요청을 우선하세요.
- 비교 요청이 있으면 비교 형식을 우선하세요.
- 추천/판단 요청이 있으면 추천 근거와 리스크를 함께 제시하세요.
- 근거/원문 요청이 있으면 근거 문장을 별도 항목으로 제시하세요.
- 후속 질문이면 최근 대화 맥락을 반영하세요.
- 문서 범위를 벗어나면 ""해당 문서에서 확인할 수 없습니다.""라고 답하세요.

[사실 확인형]
예: 예산, 기관, 일정, 제출 방식, 제출 서류
형식:
1. 답변
2. 근거
3. 출처

[조건 확인형]
예: 자격요건, 유지보수 포함 여부, 공동수급 가능 여부, 보안 요구 존재 여부
형식:
1. 확인 결과 (있음 / 없음 / 불확실)
2. 세부 내용
3. 근거
4. 출처

[요약형]
예: 목적, 배경, 핵심 요구사항, 기능/비기능 정리
형식:
1. 요약
2. 상세 정리
3. 핵심 근거
4. 출처

[비교형]
예: 두 사업 비교, 공통점/차이점, 어느 쪽이 더 어려운지
형식:
1. 비교 요약
2. 공통점
3. 차이점
4. 판단 포인트
5. 출처

[추천/판단형]
예: 어떤 고객사에 적합한지, 추천할 만한지, go/no-go 판단
형식:
1. 추천/판단 요약
2. 추천 근거
3. 리스크 또는 주의사항
4. 불확실한 부분
5. 출처

[근거 제시형]
예: 근거 문장 보여줘, 원문 기준으로 알려줘, 문서 근거와 같이 보여줘
형식:
1. 답변
2. 근거 문장
3. 출처

[후속 질문형]
예: 그중 필수 조건만, 아까 비교한 내용 중 일정만, 다시 짧게 정리
형식:
1. 후속 답변
2. 이전 맥락과 연결되는 핵심 내용
3. 근거
4. 출처

[거절형]
예: 문서에 없는 내용, 문서 범위를 벗어난 질문, 근거 없는 추정 요청
형식:
1. 확인 결과
2. 확인할 수 없는 이유
3. 출처

[기본 형식]
위 유형 중 하나로 명확히 판단되지 않으면 아래 형식을 사용하세요.
1. 요약
2. 상세 내용
3. 근거
4. 출처",,0,"1. 확인 결과: 불확실 (해당 문서에서 확인할 수 없습니다.)

2. 세부 내용:
- 요청하신 ""국민연금공단의 2024년 이러닝시스템 운영 용역에 유지보수 또는 운영지원 요구사항이 있는지"" 여부는 제공된 참조 문서가 없어 문서 근거로 확인할 수 없습니다.
- 문서가 제공되면 해당 문서의 요구사항(유지보수 포함 여부, 운영지원 범위 등)을 근거로만 답변드릴 수 있습니다.

3. 근거:
- 검색된 문서가 없습니다. 따라서 RFP 내 조항을 확인할 수 없음.

4. 출처:
- 검색된 문서가 없습니다.",condition,1
고려대학교 차세대 포털·학사 정보시스템 구축사업에 응답시간이나 성능 관련 요구사항이 있는지 알려줘.,[],ok,generate,"1. 확인 결과
없음 (해당 문서에서 확인할 수 없습니다. 불확실)

2. 세부 내용
- 요청하신 ""응답시간이나 성능 관련 요구사항""에 대한 명시 여부를 확인하려 했으나, 제공된 문서(검색된 문서)가 없습니다. 따라서 해당 RFP 또는 관련 문서에서 응답시간/성능 요구사항의 존재 여부를 확인할 수 없습니다.
- 문서가 제공될 경우에는 응답시간(예: API 응답 지연, 페이지 로드 시간), 처리량(동시접속자 수, TPS), 가용성(SLA), 성능시험 기준(부하시험 시나리오, 합격 기준) 등 항목을 찾아 명확히 답변드리겠습니다.

3. 근거
- 검색된 문서가 없습니다. 제공된 참조 문서가 없어 문서 근거를 확인할 수 없습니다.

4. 출처
- 검색된 문서가 없습니다.","1. 확인 결과
없음 (해당 문서에서 확인할 수 없습니다. 불확실)

2. 세부 내용
- 요청하신 ""응답시간이나 성능 관련 요구사항""에 대한 명시 여부를 확인하려 했으나, 제공된 문서(검색된 문서)가 없습니다. 따라서 해당 RFP 또는 관련 문서에서 응답시간/성능 요구사항의 존재 여부를 확인할 수 없습니다.
- 문서가 제공될 경우에는 응답시간(예: API 응답 지연, 페이지 로드 시간), 처리량(동시접속자 수, TPS), 가용성(SLA), 성능시험 기준(부하시험 시나리오, 합격 기준) 등 항목을 찾아 명확히 답변드리겠습니다.

3. 근거
- 검색된 문서가 없습니다. 제공된 참조 문서가 없어 문서 근거를 확인할 수 없습니다.

4. 출처
- 검색된 문서가 없습니다.",검색된 문서가 없습니다.,"[참고 문서]
검색된 문서가 없습니다.

[최근 대화]
없음

[질문]
고려대학교 차세대 포털·학사 정보시스템 구축사업에 응답시간이나 성능 관련 요구사항이 있는지 알려줘.

[답변 형식 선택 규칙]
- 질문 의도를 먼저 파악한 뒤 가장 적절한 형식을 선택하세요.
- 하나의 질문이 여러 유형을 동시에 포함하면, 더 핵심적인 요청을 우선하세요.
- 비교 요청이 있으면 비교 형식을 우선하세요.
- 추천/판단 요청이 있으면 추천 근거와 리스크를 함께 제시하세요.
- 근거/원문 요청이 있으면 근거 문장을 별도 항목으로 제시하세요.
- 후속 질문이면 최근 대화 맥락을 반영하세요.
- 문서 범위를 벗어나면 ""해당 문서에서 확인할 수 없습니다.""라고 답하세요.

[사실 확인형]
예: 예산, 기관, 일정, 제출 방식, 제출 서류
형식:
1. 답변
2. 근거
3. 출처

[조건 확인형]
예: 자격요건, 유지보수 포함 여부, 공동수급 가능 여부, 보안 요구 존재 여부
형식:
1. 확인 결과 (있음 / 없음 / 불확실)
2. 세부 내용
3. 근거
4. 출처

[요약형]
예: 목적, 배경, 핵심 요구사항, 기능/비기능 정리
형식:
1. 요약
2. 상세 정리
3. 핵심 근거
4. 출처

[비교형]
예: 두 사업 비교, 공통점/차이점, 어느 쪽이 더 어려운지
형식:
1. 비교 요약
2. 공통점
3. 차이점
4. 판단 포인트
5. 출처

[추천/판단형]
예: 어떤 고객사에 적합한지, 추천할 만한지, go/no-go 판단
형식:
1. 추천/판단 요약
2. 추천 근거
3. 리스크 또는 주의사항
4. 불확실한 부분
5. 출처

[근거 제시형]
예: 근거 문장 보여줘, 원문 기준으로 알려줘, 문서 근거와 같이 보여줘
형식:
1. 답변
2. 근거 문장
3. 출처

[후속 질문형]
예: 그중 필수 조건만, 아까 비교한 내용 중 일정만, 다시 짧게 정리
형식:
1. 후속 답변
2. 이전 맥락과 연결되는 핵심 내용
3. 근거
4. 출처

[거절형]
예: 문서에 없는 내용, 문서 범위를 벗어난 질문, 근거 없는 추정 요청
형식:
1. 확인 결과
2. 확인할 수 없는 이유
3. 출처

[기본 형식]
위 유형 중 하나로 명확히 판단되지 않으면 아래 형식을 사용하세요.
1. 요약
2. 상세 내용
3. 근거
4. 출처",,0,"1. 확인 결과
없음 (해당 문서에서 확인할 수 없습니다. 불확실)

2. 세부 내용
- 요청하신 ""응답시간이나 성능 관련 요구사항""에 대한 명시 여부를 확인하려 했으나, 제공된 문서(검색된 문서)가 없습니다. 따라서 해당 RFP 또는 관련 문서에서 응답시간/성능 요구사항의 존재 여부를 확인할 수 없습니다.
- 문서가 제공될 경우에는 응답시간(예: API 응답 지연, 페이지 로드 시간), 처리량(동시접속자 수, TPS), 가용성(SLA), 성능시험 기준(부하시험 시나리오, 합격 기준) 등 항목을 찾아 명확히 답변드리겠습니다.

3. 근거
- 검색된 문서가 없습니다. 제공된 참조 문서가 없어 문서 근거를 확인할 수 없습니다.

4. 출처
- 검색된 문서가 없습니다.",condition,2
국민연금공단의 2024년 이러닝시스템 운영 용역에서 주요 업무 범위를 보여주는 근거 문장을 출처와 함께 제시해줘.,[],ok,generate,"1. 답변
해당 문서에서 확인할 수 없습니다. (불확실)

2. 근거 문장
해당 문서가 제공되지 않아 근거 문장을 제시할 수 없습니다.

3. 출처
검색된 문서가 없습니다.","1. 답변
해당 문서에서 확인할 수 없습니다. (불확실)

2. 근거 문장
해당 문서가 제공되지 않아 근거 문장을 제시할 수 없습니다.

3. 출처
검색된 문서가 없습니다.",검색된 문서가 없습니다.,"[참고 문서]
검색된 문서가 없습니다.

[최근 대화]
없음

[질문]
국민연금공단의 2024년 이러닝시스템 운영 용역에서 주요 업무 범위를 보여주는 근거 문장을 출처와 함께 제시해줘.

[답변 형식 선택 규칙]
- 질문 의도를 먼저 파악한 뒤 가장 적절한 형식을 선택하세요.
- 하나의 질문이 여러 유형을 동시에 포함하면, 더 핵심적인 요청을 우선하세요.
- 비교 요청이 있으면 비교 형식을 우선하세요.
- 추천/판단 요청이 있으면 추천 근거와 리스크를 함께 제시하세요.
- 근거/원문 요청이 있으면 근거 문장을 별도 항목으로 제시하세요.
- 후속 질문이면 최근 대화 맥락을 반영하세요.
- 문서 범위를 벗어나면 ""해당 문서에서 확인할 수 없습니다.""라고 답하세요.

[사실 확인형]
예: 예산, 기관, 일정, 제출 방식, 제출 서류
형식:
1. 답변
2. 근거
3. 출처

[조건 확인형]
예: 자격요건, 유지보수 포함 여부, 공동수급 가능 여부, 보안 요구 존재 여부
형식:
1. 확인 결과 (있음 / 없음 / 불확실)
2. 세부 내용
3. 근거
4. 출처

[요약형]
예: 목적, 배경, 핵심 요구사항, 기능/비기능 정리
형식:
1. 요약
2. 상세 정리
3. 핵심 근거
4. 출처

[비교형]
예: 두 사업 비교, 공통점/차이점, 어느 쪽이 더 어려운지
형식:
1. 비교 요약
2. 공통점
3. 차이점
4. 판단 포인트
5. 출처

[추천/판단형]
예: 어떤 고객사에 적합한지, 추천할 만한지, go/no-go 판단
형식:
1. 추천/판단 요약
2. 추천 근거
3. 리스크 또는 주의사항
4. 불확실한 부분
5. 출처

[근거 제시형]
예: 근거 문장 보여줘, 원문 기준으로 알려줘, 문서 근거와 같이 보여줘
형식:
1. 답변
2. 근거 문장
3. 출처

[후속 질문형]
예: 그중 필수 조건만, 아까 비교한 내용 중 일정만, 다시 짧게 정리
형식:
1. 후속 답변
2. 이전 맥락과 연결되는 핵심 내용
3. 근거
4. 출처

[거절형]
예: 문서에 없는 내용, 문서 범위를 벗어난 질문, 근거 없는 추정 요청
형식:
1. 확인 결과
2. 확인할 수 없는 이유
3. 출처

[기본 형식]
위 유형 중 하나로 명확히 판단되지 않으면 아래 형식을 사용하세요.
1. 요약
2. 상세 내용
3. 근거
4. 출처",,0,"1. 답변
해당 문서에서 확인할 수 없습니다. (불확실)

2. 근거 문장
해당 문서가 제공되지 않아 근거 문장을 제시할 수 없습니다.

3. 출처
검색된 문서가 없습니다.",evidence,1
고려대학교 차세대 포털·학사 정보시스템 구축사업에서 구축 목표를 보여주는 근거 문장을 제시해줘.,[],ok,generate,"1. 답변
해당 문서에서 확인할 수 없습니다. (불확실)

2. 근거 문장
해당 문서가 제공되지 않아 근거 문장을 제시할 수 없습니다.

3. 출처
검색된 문서가 없습니다.","1. 답변
해당 문서에서 확인할 수 없습니다. (불확실)

2. 근거 문장
해당 문서가 제공되지 않아 근거 문장을 제시할 수 없습니다.

3. 출처
검색된 문서가 없습니다.",검색된 문서가 없습니다.,"[참고 문서]
검색된 문서가 없습니다.

[최근 대화]
없음

[질문]
고려대학교 차세대 포털·학사 정보시스템 구축사업에서 구축 목표를 보여주는 근거 문장을 제시해줘.

[답변 형식 선택 규칙]
- 질문 의도를 먼저 파악한 뒤 가장 적절한 형식을 선택하세요.
- 하나의 질문이 여러 유형을 동시에 포함하면, 더 핵심적인 요청을 우선하세요.
- 비교 요청이 있으면 비교 형식을 우선하세요.
- 추천/판단 요청이 있으면 추천 근거와 리스크를 함께 제시하세요.
- 근거/원문 요청이 있으면 근거 문장을 별도 항목으로 제시하세요.
- 후속 질문이면 최근 대화 맥락을 반영하세요.
- 문서 범위를 벗어나면 ""해당 문서에서 확인할 수 없습니다.""라고 답하세요.

[사실 확인형]
예: 예산, 기관, 일정, 제출 방식, 제출 서류
형식:
1. 답변
2. 근거
3. 출처

[조건 확인형]
예: 자격요건, 유지보수 포함 여부, 공동수급 가능 여부, 보안 요구 존재 여부
형식:
1. 확인 결과 (있음 / 없음 / 불확실)
2. 세부 내용
3. 근거
4. 출처

[요약형]
예: 목적, 배경, 핵심 요구사항, 기능/비기능 정리
형식:
1. 요약
2. 상세 정리
3. 핵심 근거
4. 출처

[비교형]
예: 두 사업 비교, 공통점/차이점, 어느 쪽이 더 어려운지
형식:
1. 비교 요약
2. 공통점
3. 차이점
4. 판단 포인트
5. 출처

[추천/판단형]
예: 어떤 고객사에 적합한지, 추천할 만한지, go/no-go 판단
형식:
1. 추천/판단 요약
2. 추천 근거
3. 리스크 또는 주의사항
4. 불확실한 부분
5. 출처

[근거 제시형]
예: 근거 문장 보여줘, 원문 기준으로 알려줘, 문서 근거와 같이 보여줘
형식:
1. 답변
2. 근거 문장
3. 출처

[후속 질문형]
예: 그중 필수 조건만, 아까 비교한 내용 중 일정만, 다시 짧게 정리
형식:
1. 후속 답변
2. 이전 맥락과 연결되는 핵심 내용
3. 근거
4. 출처

[거절형]
예: 문서에 없는 내용, 문서 범위를 벗어난 질문, 근거 없는 추정 요청
형식:
1. 확인 결과
2. 확인할 수 없는 이유
3. 출처

[기본 형식]
위 유형 중 하나로 명확히 판단되지 않으면 아래 형식을 사용하세요.
1. 요약
2. 상세 내용
3. 근거
4. 출처",,0,"1. 답변
해당 문서에서 확인할 수 없습니다. (불확실)

2. 근거 문장
해당 문서가 제공되지 않아 근거 문장을 제시할 수 없습니다.

3. 출처
검색된 문서가 없습니다.",evidence,2
고려대학교 차세대 포털·학사 정보시스템 구축사업과 광주과학기술원 학사시스템 기능개선 사업의 목적과 범위를 비교해줘.,[],ok,generate,"1. 확인 결과
해당 문서에서 확인할 수 없습니다. (고려대학교 차세대 포털·학사 정보시스템 구축사업 및 광주과학기술원 학사시스템 기능개선 사업의 목적과 범위에 관한 비교 정보가 제공되지 않았습니다.)

2. 확인할 수 없는 이유
참고 문서가 제공되지 않았거나 검색 결과로 관련 문서가 존재하지 않습니다. 질문에 필요한 RFP 또는 사업공고 문서의 내용(목적, 범위 등)이 주어지지 않아 문서 근거에 기반한 비교가 불가능합니다.

3. 불확실
두 사업의 목적·범위에 관한 구체적 내용은 불확실합니다.

4. 출처
검색된 문서가 없습니다.","1. 확인 결과
해당 문서에서 확인할 수 없습니다. (고려대학교 차세대 포털·학사 정보시스템 구축사업 및 광주과학기술원 학사시스템 기능개선 사업의 목적과 범위에 관한 비교 정보가 제공되지 않았습니다.)

2. 확인할 수 없는 이유
참고 문서가 제공되지 않았거나 검색 결과로 관련 문서가 존재하지 않습니다. 질문에 필요한 RFP 또는 사업공고 문서의 내용(목적, 범위 등)이 주어지지 않아 문서 근거에 기반한 비교가 불가능합니다.

3. 불확실
두 사업의 목적·범위에 관한 구체적 내용은 불확실합니다.

4. 출처
검색된 문서가 없습니다.",검색된 문서가 없습니다.,"[참고 문서]
검색된 문서가 없습니다.

[최근 대화]
없음

[질문]
고려대학교 차세대 포털·학사 정보시스템 구축사업과 광주과학기술원 학사시스템 기능개선 사업의 목적과 범위를 비교해줘.

[답변 형식 선택 규칙]
- 질문 의도를 먼저 파악한 뒤 가장 적절한 형식을 선택하세요.
- 하나의 질문이 여러 유형을 동시에 포함하면, 더 핵심적인 요청을 우선하세요.
- 비교 요청이 있으면 비교 형식을 우선하세요.
- 추천/판단 요청이 있으면 추천 근거와 리스크를 함께 제시하세요.
- 근거/원문 요청이 있으면 근거 문장을 별도 항목으로 제시하세요.
- 후속 질문이면 최근 대화 맥락을 반영하세요.
- 문서 범위를 벗어나면 ""해당 문서에서 확인할 수 없습니다.""라고 답하세요.

[사실 확인형]
예: 예산, 기관, 일정, 제출 방식, 제출 서류
형식:
1. 답변
2. 근거
3. 출처

[조건 확인형]
예: 자격요건, 유지보수 포함 여부, 공동수급 가능 여부, 보안 요구 존재 여부
형식:
1. 확인 결과 (있음 / 없음 / 불확실)
2. 세부 내용
3. 근거
4. 출처

[요약형]
예: 목적, 배경, 핵심 요구사항, 기능/비기능 정리
형식:
1. 요약
2. 상세 정리
3. 핵심 근거
4. 출처

[비교형]
예: 두 사업 비교, 공통점/차이점, 어느 쪽이 더 어려운지
형식:
1. 비교 요약
2. 공통점
3. 차이점
4. 판단 포인트
5. 출처

[추천/판단형]
예: 어떤 고객사에 적합한지, 추천할 만한지, go/no-go 판단
형식:
1. 추천/판단 요약
2. 추천 근거
3. 리스크 또는 주의사항
4. 불확실한 부분
5. 출처

[근거 제시형]
예: 근거 문장 보여줘, 원문 기준으로 알려줘, 문서 근거와 같이 보여줘
형식:
1. 답변
2. 근거 문장
3. 출처

[후속 질문형]
예: 그중 필수 조건만, 아까 비교한 내용 중 일정만, 다시 짧게 정리
형식:
1. 후속 답변
2. 이전 맥락과 연결되는 핵심 내용
3. 근거
4. 출처

[거절형]
예: 문서에 없는 내용, 문서 범위를 벗어난 질문, 근거 없는 추정 요청
형식:
1. 확인 결과
2. 확인할 수 없는 이유
3. 출처

[기본 형식]
위 유형 중 하나로 명확히 판단되지 않으면 아래 형식을 사용하세요.
1. 요약
2. 상세 내용
3. 근거
4. 출처",,0,"1. 확인 결과
해당 문서에서 확인할 수 없습니다. (고려대학교 차세대 포털·학사 정보시스템 구축사업 및 광주과학기술원 학사시스템 기능개선 사업의 목적과 범위에 관한 비교 정보가 제공되지 않았습니다.)

2. 확인할 수 없는 이유
참고 문서가 제공되지 않았거나 검색 결과로 관련 문서가 존재하지 않습니다. 질문에 필요한 RFP 또는 사업공고 문서의 내용(목적, 범위 등)이 주어지지 않아 문서 근거에 기반한 비교가 불가능합니다.

3. 불확실
두 사업의 목적·범위에 관한 구체적 내용은 불확실합니다.

4. 출처
검색된 문서가 없습니다.",compare,1
국민연금공단의 2024년 이러닝시스템 운영 용역과 재단법인스포츠윤리센터의 스포츠윤리센터 LMS(학습지원시스템) 기능개선 사업의 성격 차이를 비교해줘.,[],ok,generate,"1. 비교 요약
해당 문서에서 확인할 수 없습니다. (불확실)

2. 공통점
해당 문서에서 확인할 수 없습니다. (불확실)

3. 차이점
해당 문서에서 확인할 수 없습니다. (불확실)

4. 판단 포인트
해당 문서에서 확인할 수 없습니다. (불확실)

출처
검색된 문서가 없습니다.","1. 비교 요약
해당 문서에서 확인할 수 없습니다. (불확실)

2. 공통점
해당 문서에서 확인할 수 없습니다. (불확실)

3. 차이점
해당 문서에서 확인할 수 없습니다. (불확실)

4. 판단 포인트
해당 문서에서 확인할 수 없습니다. (불확실)

출처
검색된 문서가 없습니다.",검색된 문서가 없습니다.,"[참고 문서]
검색된 문서가 없습니다.

[최근 대화]
없음

[질문]
국민연금공단의 2024년 이러닝시스템 운영 용역과 재단법인스포츠윤리센터의 스포츠윤리센터 LMS(학습지원시스템) 기능개선 사업의 성격 차이를 비교해줘.

[답변 형식 선택 규칙]
- 질문 의도를 먼저 파악한 뒤 가장 적절한 형식을 선택하세요.
- 하나의 질문이 여러 유형을 동시에 포함하면, 더 핵심적인 요청을 우선하세요.
- 비교 요청이 있으면 비교 형식을 우선하세요.
- 추천/판단 요청이 있으면 추천 근거와 리스크를 함께 제시하세요.
- 근거/원문 요청이 있으면 근거 문장을 별도 항목으로 제시하세요.
- 후속 질문이면 최근 대화 맥락을 반영하세요.
- 문서 범위를 벗어나면 ""해당 문서에서 확인할 수 없습니다.""라고 답하세요.

[사실 확인형]
예: 예산, 기관, 일정, 제출 방식, 제출 서류
형식:
1. 답변
2. 근거
3. 출처

[조건 확인형]
예: 자격요건, 유지보수 포함 여부, 공동수급 가능 여부, 보안 요구 존재 여부
형식:
1. 확인 결과 (있음 / 없음 / 불확실)
2. 세부 내용
3. 근거
4. 출처

[요약형]
예: 목적, 배경, 핵심 요구사항, 기능/비기능 정리
형식:
1. 요약
2. 상세 정리
3. 핵심 근거
4. 출처

[비교형]
예: 두 사업 비교, 공통점/차이점, 어느 쪽이 더 어려운지
형식:
1. 비교 요약
2. 공통점
3. 차이점
4. 판단 포인트
5. 출처

[추천/판단형]
예: 어떤 고객사에 적합한지, 추천할 만한지, go/no-go 판단
형식:
1. 추천/판단 요약
2. 추천 근거
3. 리스크 또는 주의사항
4. 불확실한 부분
5. 출처

[근거 제시형]
예: 근거 문장 보여줘, 원문 기준으로 알려줘, 문서 근거와 같이 보여줘
형식:
1. 답변
2. 근거 문장
3. 출처

[후속 질문형]
예: 그중 필수 조건만, 아까 비교한 내용 중 일정만, 다시 짧게 정리
형식:
1. 후속 답변
2. 이전 맥락과 연결되는 핵심 내용
3. 근거
4. 출처

[거절형]
예: 문서에 없는 내용, 문서 범위를 벗어난 질문, 근거 없는 추정 요청
형식:
1. 확인 결과
2. 확인할 수 없는 이유
3. 출처

[기본 형식]
위 유형 중 하나로 명확히 판단되지 않으면 아래 형식을 사용하세요.
1. 요약
2. 상세 내용
3. 근거
4. 출처",,0,"1. 비교 요약
해당 문서에서 확인할 수 없습니다. (불확실)

2. 공통점
해당 문서에서 확인할 수 없습니다. (불확실)

3. 차이점
해당 문서에서 확인할 수 없습니다. (불확실)

4. 판단 포인트
해당 문서에서 확인할 수 없습니다. (불확실)

출처
검색된 문서가 없습니다.",compare,2
"국민연금공단의 2024년 이러닝시스템 운영 용역에 대해 목적, 주요 업무, 운영 범위, 유지보수 요구, 일정 정보를 항목별로 정리해줘.",[],ok,generate,"1. 확인 결과
해당 문서에서 확인할 수 없습니다.

2. 확인할 수 없는 이유
제공된 참고 문서가 없으며(""검색된 문서가 없습니다.""), 질문에 대한 근거로 삼을 수 있는 RFP 또는 관련 문서 내용이 제출되지 않았습니다. 따라서 목적, 주요 업무, 운영 범위, 유지보수 요구, 일정 등은 문서 근거 없이 답변할 수 없습니다(문서 외 추측 금지).

3. 출처
검색된 문서가 없습니다.","1. 확인 결과
해당 문서에서 확인할 수 없습니다.

2. 확인할 수 없는 이유
제공된 참고 문서가 없으며(""검색된 문서가 없습니다.""), 질문에 대한 근거로 삼을 수 있는 RFP 또는 관련 문서 내용이 제출되지 않았습니다. 따라서 목적, 주요 업무, 운영 범위, 유지보수 요구, 일정 등은 문서 근거 없이 답변할 수 없습니다(문서 외 추측 금지).

3. 출처
검색된 문서가 없습니다.",검색된 문서가 없습니다.,"[참고 문서]
검색된 문서가 없습니다.

[최근 대화]
없음

[질문]
국민연금공단의 2024년 이러닝시스템 운영 용역에 대해 목적, 주요 업무, 운영 범위, 유지보수 요구, 일정 정보를 항목별로 정리해줘.

[답변 형식 선택 규칙]
- 질문 의도를 먼저 파악한 뒤 가장 적절한 형식을 선택하세요.
- 하나의 질문이 여러 유형을 동시에 포함하면, 더 핵심적인 요청을 우선하세요.
- 비교 요청이 있으면 비교 형식을 우선하세요.
- 추천/판단 요청이 있으면 추천 근거와 리스크를 함께 제시하세요.
- 근거/원문 요청이 있으면 근거 문장을 별도 항목으로 제시하세요.
- 후속 질문이면 최근 대화 맥락을 반영하세요.
- 문서 범위를 벗어나면 ""해당 문서에서 확인할 수 없습니다.""라고 답하세요.

[사실 확인형]
예: 예산, 기관, 일정, 제출 방식, 제출 서류
형식:
1. 답변
2. 근거
3. 출처

[조건 확인형]
예: 자격요건, 유지보수 포함 여부, 공동수급 가능 여부, 보안 요구 존재 여부
형식:
1. 확인 결과 (있음 / 없음 / 불확실)
2. 세부 내용
3. 근거
4. 출처

[요약형]
예: 목적, 배경, 핵심 요구사항, 기능/비기능 정리
형식:
1. 요약
2. 상세 정리
3. 핵심 근거
4. 출처

[비교형]
예: 두 사업 비교, 공통점/차이점, 어느 쪽이 더 어려운지
형식:
1. 비교 요약
2. 공통점
3. 차이점
4. 판단 포인트
5. 출처

[추천/판단형]
예: 어떤 고객사에 적합한지, 추천할 만한지, go/no-go 판단
형식:
1. 추천/판단 요약
2. 추천 근거
3. 리스크 또는 주의사항
4. 불확실한 부분
5. 출처

[근거 제시형]
예: 근거 문장 보여줘, 원문 기준으로 알려줘, 문서 근거와 같이 보여줘
형식:
1. 답변
2. 근거 문장
3. 출처

[후속 질문형]
예: 그중 필수 조건만, 아까 비교한 내용 중 일정만, 다시 짧게 정리
형식:
1. 후속 답변
2. 이전 맥락과 연결되는 핵심 내용
3. 근거
4. 출처

[거절형]
예: 문서에 없는 내용, 문서 범위를 벗어난 질문, 근거 없는 추정 요청
형식:
1. 확인 결과
2. 확인할 수 없는 이유
3. 출처

[기본 형식]
위 유형 중 하나로 명확히 판단되지 않으면 아래 형식을 사용하세요.
1. 요약
2. 상세 내용
3. 근거
4. 출처",,0,"1. 확인 결과
해당 문서에서 확인할 수 없습니다.

2. 확인할 수 없는 이유
제공된 참고 문서가 없으며(""검색된 문서가 없습니다.""), 질문에 대한 근거로 삼을 수 있는 RFP 또는 관련 문서 내용이 제출되지 않았습니다. 따라서 목적, 주요 업무, 운영 범위, 유지보수 요구, 일정 등은 문서 근거 없이 답변할 수 없습니다(문서 외 추측 금지).

3. 출처
검색된 문서가 없습니다.",complex,1
"고려대학교 차세대 포털·학사 정보시스템 구축사업에 대해 추진 배경, 구축 목표, 주요 기능, 일정, 제출 관련 정보를 표처럼 구조화해서 정리해줘.",[],ok,generate,"1. 확인 결과
- 해당 문서에서 확인할 수 없습니다.

2. 확인할 수 없는 이유
- 제공된 참조 문서가 없습니다(검색된 문서가 없음). 따라서 추진 배경, 구축 목표, 주요 기능, 일정, 제출 관련 정보 등 RFP에 근거해야 하는 세부 내용은 문서에서 확인할 수 없습니다. 불확실.

3. 출처
- 검색된 문서가 없습니다.","1. 확인 결과
- 해당 문서에서 확인할 수 없습니다.

2. 확인할 수 없는 이유
- 제공된 참조 문서가 없습니다(검색된 문서가 없음). 따라서 추진 배경, 구축 목표, 주요 기능, 일정, 제출 관련 정보 등 RFP에 근거해야 하는 세부 내용은 문서에서 확인할 수 없습니다. 불확실.

3. 출처
- 검색된 문서가 없습니다.",검색된 문서가 없습니다.,"[참고 문서]
검색된 문서가 없습니다.

[최근 대화]
없음

[질문]
고려대학교 차세대 포털·학사 정보시스템 구축사업에 대해 추진 배경, 구축 목표, 주요 기능, 일정, 제출 관련 정보를 표처럼 구조화해서 정리해줘.

[답변 형식 선택 규칙]
- 질문 의도를 먼저 파악한 뒤 가장 적절한 형식을 선택하세요.
- 하나의 질문이 여러 유형을 동시에 포함하면, 더 핵심적인 요청을 우선하세요.
- 비교 요청이 있으면 비교 형식을 우선하세요.
- 추천/판단 요청이 있으면 추천 근거와 리스크를 함께 제시하세요.
- 근거/원문 요청이 있으면 근거 문장을 별도 항목으로 제시하세요.
- 후속 질문이면 최근 대화 맥락을 반영하세요.
- 문서 범위를 벗어나면 ""해당 문서에서 확인할 수 없습니다.""라고 답하세요.

[사실 확인형]
예: 예산, 기관, 일정, 제출 방식, 제출 서류
형식:
1. 답변
2. 근거
3. 출처

[조건 확인형]
예: 자격요건, 유지보수 포함 여부, 공동수급 가능 여부, 보안 요구 존재 여부
형식:
1. 확인 결과 (있음 / 없음 / 불확실)
2. 세부 내용
3. 근거
4. 출처

[요약형]
예: 목적, 배경, 핵심 요구사항, 기능/비기능 정리
형식:
1. 요약
2. 상세 정리
3. 핵심 근거
4. 출처

[비교형]
예: 두 사업 비교, 공통점/차이점, 어느 쪽이 더 어려운지
형식:
1. 비교 요약
2. 공통점
3. 차이점
4. 판단 포인트
5. 출처

[추천/판단형]
예: 어떤 고객사에 적합한지, 추천할 만한지, go/no-go 판단
형식:
1. 추천/판단 요약
2. 추천 근거
3. 리스크 또는 주의사항
4. 불확실한 부분
5. 출처

[근거 제시형]
예: 근거 문장 보여줘, 원문 기준으로 알려줘, 문서 근거와 같이 보여줘
형식:
1. 답변
2. 근거 문장
3. 출처

[후속 질문형]
예: 그중 필수 조건만, 아까 비교한 내용 중 일정만, 다시 짧게 정리
형식:
1. 후속 답변
2. 이전 맥락과 연결되는 핵심 내용
3. 근거
4. 출처

[거절형]
예: 문서에 없는 내용, 문서 범위를 벗어난 질문, 근거 없는 추정 요청
형식:
1. 확인 결과
2. 확인할 수 없는 이유
3. 출처

[기본 형식]
위 유형 중 하나로 명확히 판단되지 않으면 아래 형식을 사용하세요.
1. 요약
2. 상세 내용
3. 근거
4. 출처",,0,"1. 확인 결과
- 해당 문서에서 확인할 수 없습니다.

2. 확인할 수 없는 이유
- 제공된 참조 문서가 없습니다(검색된 문서가 없음). 따라서 추진 배경, 구축 목표, 주요 기능, 일정, 제출 관련 정보 등 RFP에 근거해야 하는 세부 내용은 문서에서 확인할 수 없습니다. 불확실.

3. 출처
- 검색된 문서가 없습니다.",complex,2
삼성전자가 발주한 RFP가 이 데이터셋에 있는지 확인해줘.,[],ok,generate,"1. 확인 결과
해당 데이터셋에서 삼성전자가 발주한 RFP는 확인할 수 없습니다. (없음)

2. 확인할 수 없는 이유
제공된 참고 문서에 ""검색된 문서가 없습니다.""로 되어 있어, 데이터셋 내 문서가 존재하지 않으므로 삼성전자 발주의 RFP 존재 여부를 확인할 수 없습니다.

3. 출처
검색된 문서가 없습니다.","1. 확인 결과
해당 데이터셋에서 삼성전자가 발주한 RFP는 확인할 수 없습니다. (없음)

2. 확인할 수 없는 이유
제공된 참고 문서에 ""검색된 문서가 없습니다.""로 되어 있어, 데이터셋 내 문서가 존재하지 않으므로 삼성전자 발주의 RFP 존재 여부를 확인할 수 없습니다.

3. 출처
검색된 문서가 없습니다.",검색된 문서가 없습니다.,"[참고 문서]
검색된 문서가 없습니다.

[최근 대화]
없음

[질문]
삼성전자가 발주한 RFP가 이 데이터셋에 있는지 확인해줘.

[답변 형식 선택 규칙]
- 질문 의도를 먼저 파악한 뒤 가장 적절한 형식을 선택하세요.
- 하나의 질문이 여러 유형을 동시에 포함하면, 더 핵심적인 요청을 우선하세요.
- 비교 요청이 있으면 비교 형식을 우선하세요.
- 추천/판단 요청이 있으면 추천 근거와 리스크를 함께 제시하세요.
- 근거/원문 요청이 있으면 근거 문장을 별도 항목으로 제시하세요.
- 후속 질문이면 최근 대화 맥락을 반영하세요.
- 문서 범위를 벗어나면 ""해당 문서에서 확인할 수 없습니다.""라고 답하세요.

[사실 확인형]
예: 예산, 기관, 일정, 제출 방식, 제출 서류
형식:
1. 답변
2. 근거
3. 출처

[조건 확인형]
예: 자격요건, 유지보수 포함 여부, 공동수급 가능 여부, 보안 요구 존재 여부
형식:
1. 확인 결과 (있음 / 없음 / 불확실)
2. 세부 내용
3. 근거
4. 출처

[요약형]
예: 목적, 배경, 핵심 요구사항, 기능/비기능 정리
형식:
1. 요약
2. 상세 정리
3. 핵심 근거
4. 출처

[비교형]
예: 두 사업 비교, 공통점/차이점, 어느 쪽이 더 어려운지
형식:
1. 비교 요약
2. 공통점
3. 차이점
4. 판단 포인트
5. 출처

[추천/판단형]
예: 어떤 고객사에 적합한지, 추천할 만한지, go/no-go 판단
형식:
1. 추천/판단 요약
2. 추천 근거
3. 리스크 또는 주의사항
4. 불확실한 부분
5. 출처

[근거 제시형]
예: 근거 문장 보여줘, 원문 기준으로 알려줘, 문서 근거와 같이 보여줘
형식:
1. 답변
2. 근거 문장
3. 출처

[후속 질문형]
예: 그중 필수 조건만, 아까 비교한 내용 중 일정만, 다시 짧게 정리
형식:
1. 후속 답변
2. 이전 맥락과 연결되는 핵심 내용
3. 근거
4. 출처

[거절형]
예: 문서에 없는 내용, 문서 범위를 벗어난 질문, 근거 없는 추정 요청
형식:
1. 확인 결과
2. 확인할 수 없는 이유
3. 출처

[기본 형식]
위 유형 중 하나로 명확히 판단되지 않으면 아래 형식을 사용하세요.
1. 요약
2. 상세 내용
3. 근거
4. 출처",,0,"1. 확인 결과
해당 데이터셋에서 삼성전자가 발주한 RFP는 확인할 수 없습니다. (없음)

2. 확인할 수 없는 이유
제공된 참고 문서에 ""검색된 문서가 없습니다.""로 되어 있어, 데이터셋 내 문서가 존재하지 않으므로 삼성전자 발주의 RFP 존재 여부를 확인할 수 없습니다.

3. 출처
검색된 문서가 없습니다.",refusal,1
국민연금공단의 2024년 이러닝시스템 운영 용역에서 AWS 사용이 필수인지 알려줘. 문서에 없으면 없다고 말해줘.,[],ok,generate,"1. 답변
해당 문서에서 확인할 수 없습니다. AWS 사용의 필수 여부는 제공된 RFP 문서 내에 명시되어 있지 않습니다. (불확실)

2. 근거
참고 문서가 제공되지 않아 RFP 내용 확인이 불가능합니다. 따라서 문서에 근거한 확인이 불가능합니다.

3. 출처
검색된 문서가 없습니다.","1. 답변
해당 문서에서 확인할 수 없습니다. AWS 사용의 필수 여부는 제공된 RFP 문서 내에 명시되어 있지 않습니다. (불확실)

2. 근거
참고 문서가 제공되지 않아 RFP 내용 확인이 불가능합니다. 따라서 문서에 근거한 확인이 불가능합니다.

3. 출처
검색된 문서가 없습니다.",검색된 문서가 없습니다.,"[참고 문서]
검색된 문서가 없습니다.

[최근 대화]
없음

[질문]
국민연금공단의 2024년 이러닝시스템 운영 용역에서 AWS 사용이 필수인지 알려줘. 문서에 없으면 없다고 말해줘.

[답변 형식 선택 규칙]
- 질문 의도를 먼저 파악한 뒤 가장 적절한 형식을 선택하세요.
- 하나의 질문이 여러 유형을 동시에 포함하면, 더 핵심적인 요청을 우선하세요.
- 비교 요청이 있으면 비교 형식을 우선하세요.
- 추천/판단 요청이 있으면 추천 근거와 리스크를 함께 제시하세요.
- 근거/원문 요청이 있으면 근거 문장을 별도 항목으로 제시하세요.
- 후속 질문이면 최근 대화 맥락을 반영하세요.
- 문서 범위를 벗어나면 ""해당 문서에서 확인할 수 없습니다.""라고 답하세요.

[사실 확인형]
예: 예산, 기관, 일정, 제출 방식, 제출 서류
형식:
1. 답변
2. 근거
3. 출처

[조건 확인형]
예: 자격요건, 유지보수 포함 여부, 공동수급 가능 여부, 보안 요구 존재 여부
형식:
1. 확인 결과 (있음 / 없음 / 불확실)
2. 세부 내용
3. 근거
4. 출처

[요약형]
예: 목적, 배경, 핵심 요구사항, 기능/비기능 정리
형식:
1. 요약
2. 상세 정리
3. 핵심 근거
4. 출처

[비교형]
예: 두 사업 비교, 공통점/차이점, 어느 쪽이 더 어려운지
형식:
1. 비교 요약
2. 공통점
3. 차이점
4. 판단 포인트
5. 출처

[추천/판단형]
예: 어떤 고객사에 적합한지, 추천할 만한지, go/no-go 판단
형식:
1. 추천/판단 요약
2. 추천 근거
3. 리스크 또는 주의사항
4. 불확실한 부분
5. 출처

[근거 제시형]
예: 근거 문장 보여줘, 원문 기준으로 알려줘, 문서 근거와 같이 보여줘
형식:
1. 답변
2. 근거 문장
3. 출처

[후속 질문형]
예: 그중 필수 조건만, 아까 비교한 내용 중 일정만, 다시 짧게 정리
형식:
1. 후속 답변
2. 이전 맥락과 연결되는 핵심 내용
3. 근거
4. 출처

[거절형]
예: 문서에 없는 내용, 문서 범위를 벗어난 질문, 근거 없는 추정 요청
형식:
1. 확인 결과
2. 확인할 수 없는 이유
3. 출처

[기본 형식]
위 유형 중 하나로 명확히 판단되지 않으면 아래 형식을 사용하세요.
1. 요약
2. 상세 내용
3. 근거
4. 출처",,0,"1. 답변
해당 문서에서 확인할 수 없습니다. AWS 사용의 필수 여부는 제공된 RFP 문서 내에 명시되어 있지 않습니다. (불확실)

2. 근거
참고 문서가 제공되지 않아 RFP 내용 확인이 불가능합니다. 따라서 문서에 근거한 확인이 불가능합니다.

3. 출처
검색된 문서가 없습니다.",refusal,2
국민연금 이러닝 시스템 운영 사업의 주요 업무를 정리해줘.,[],ok,generate,"1. 확인 결과
- 해당 문서에서 확인할 수 없습니다.

2. 확인할 수 없는 이유
- 제공된 참조 문서가 없어서(검색된 문서가 없습니다) 국민연금 이러닝 시스템 운영 사업의 RFP·공고 문서에 명시된 주요 업무를 확인할 수 없습니다. 따라서 문서에 기반한 요약이나 세부 정리는 불가능합니다. (불확실)

3. 출처
- 검색된 문서가 없습니다.","1. 확인 결과
- 해당 문서에서 확인할 수 없습니다.

2. 확인할 수 없는 이유
- 제공된 참조 문서가 없어서(검색된 문서가 없습니다) 국민연금 이러닝 시스템 운영 사업의 RFP·공고 문서에 명시된 주요 업무를 확인할 수 없습니다. 따라서 문서에 기반한 요약이나 세부 정리는 불가능합니다. (불확실)

3. 출처
- 검색된 문서가 없습니다.",검색된 문서가 없습니다.,"[참고 문서]
검색된 문서가 없습니다.

[최근 대화]
없음

[질문]
국민연금 이러닝 시스템 운영 사업의 주요 업무를 정리해줘.

[답변 형식 선택 규칙]
- 질문 의도를 먼저 파악한 뒤 가장 적절한 형식을 선택하세요.
- 하나의 질문이 여러 유형을 동시에 포함하면, 더 핵심적인 요청을 우선하세요.
- 비교 요청이 있으면 비교 형식을 우선하세요.
- 추천/판단 요청이 있으면 추천 근거와 리스크를 함께 제시하세요.
- 근거/원문 요청이 있으면 근거 문장을 별도 항목으로 제시하세요.
- 후속 질문이면 최근 대화 맥락을 반영하세요.
- 문서 범위를 벗어나면 ""해당 문서에서 확인할 수 없습니다.""라고 답하세요.

[사실 확인형]
예: 예산, 기관, 일정, 제출 방식, 제출 서류
형식:
1. 답변
2. 근거
3. 출처

[조건 확인형]
예: 자격요건, 유지보수 포함 여부, 공동수급 가능 여부, 보안 요구 존재 여부
형식:
1. 확인 결과 (있음 / 없음 / 불확실)
2. 세부 내용
3. 근거
4. 출처

[요약형]
예: 목적, 배경, 핵심 요구사항, 기능/비기능 정리
형식:
1. 요약
2. 상세 정리
3. 핵심 근거
4. 출처

[비교형]
예: 두 사업 비교, 공통점/차이점, 어느 쪽이 더 어려운지
형식:
1. 비교 요약
2. 공통점
3. 차이점
4. 판단 포인트
5. 출처

[추천/판단형]
예: 어떤 고객사에 적합한지, 추천할 만한지, go/no-go 판단
형식:
1. 추천/판단 요약
2. 추천 근거
3. 리스크 또는 주의사항
4. 불확실한 부분
5. 출처

[근거 제시형]
예: 근거 문장 보여줘, 원문 기준으로 알려줘, 문서 근거와 같이 보여줘
형식:
1. 답변
2. 근거 문장
3. 출처

[후속 질문형]
예: 그중 필수 조건만, 아까 비교한 내용 중 일정만, 다시 짧게 정리
형식:
1. 후속 답변
2. 이전 맥락과 연결되는 핵심 내용
3. 근거
4. 출처

[거절형]
예: 문서에 없는 내용, 문서 범위를 벗어난 질문, 근거 없는 추정 요청
형식:
1. 확인 결과
2. 확인할 수 없는 이유
3. 출처

[기본 형식]
위 유형 중 하나로 명확히 판단되지 않으면 아래 형식을 사용하세요.
1. 요약
2. 상세 내용
3. 근거
4. 출처",,0,"1. 확인 결과
- 해당 문서에서 확인할 수 없습니다.

2. 확인할 수 없는 이유
- 제공된 참조 문서가 없어서(검색된 문서가 없습니다) 국민연금 이러닝 시스템 운영 사업의 RFP·공고 문서에 명시된 주요 업무를 확인할 수 없습니다. 따라서 문서에 기반한 요약이나 세부 정리는 불가능합니다. (불확실)

3. 출처
- 검색된 문서가 없습니다.",fuzzy_org,1
고려대 포털 학사 시스템 구축 사업의 구축 목표를 알려줘.,[],ok,generate,"1. 확인 결과
- 해당 문서에서 확인할 수 없습니다. (불확실)

2. 확인할 수 없는 이유
- 질문에 근거할 RFP 또는 참고 문서가 제공되지 않았습니다. 제공된 정보에는 ""[참고 문서] 검색된 문서가 없습니다.""라고만 기재되어 있어, 고려대 포털 학사 시스템 구축 사업의 구축 목표를 문서 근거로 확인할 수 없습니다.

3. 출처
- 참고 문서: 검색된 문서가 없습니다.","1. 확인 결과
- 해당 문서에서 확인할 수 없습니다. (불확실)

2. 확인할 수 없는 이유
- 질문에 근거할 RFP 또는 참고 문서가 제공되지 않았습니다. 제공된 정보에는 ""[참고 문서] 검색된 문서가 없습니다.""라고만 기재되어 있어, 고려대 포털 학사 시스템 구축 사업의 구축 목표를 문서 근거로 확인할 수 없습니다.

3. 출처
- 참고 문서: 검색된 문서가 없습니다.",검색된 문서가 없습니다.,"[참고 문서]
검색된 문서가 없습니다.

[최근 대화]
없음

[질문]
고려대 포털 학사 시스템 구축 사업의 구축 목표를 알려줘.

[답변 형식 선택 규칙]
- 질문 의도를 먼저 파악한 뒤 가장 적절한 형식을 선택하세요.
- 하나의 질문이 여러 유형을 동시에 포함하면, 더 핵심적인 요청을 우선하세요.
- 비교 요청이 있으면 비교 형식을 우선하세요.
- 추천/판단 요청이 있으면 추천 근거와 리스크를 함께 제시하세요.
- 근거/원문 요청이 있으면 근거 문장을 별도 항목으로 제시하세요.
- 후속 질문이면 최근 대화 맥락을 반영하세요.
- 문서 범위를 벗어나면 ""해당 문서에서 확인할 수 없습니다.""라고 답하세요.

[사실 확인형]
예: 예산, 기관, 일정, 제출 방식, 제출 서류
형식:
1. 답변
2. 근거
3. 출처

[조건 확인형]
예: 자격요건, 유지보수 포함 여부, 공동수급 가능 여부, 보안 요구 존재 여부
형식:
1. 확인 결과 (있음 / 없음 / 불확실)
2. 세부 내용
3. 근거
4. 출처

[요약형]
예: 목적, 배경, 핵심 요구사항, 기능/비기능 정리
형식:
1. 요약
2. 상세 정리
3. 핵심 근거
4. 출처

[비교형]
예: 두 사업 비교, 공통점/차이점, 어느 쪽이 더 어려운지
형식:
1. 비교 요약
2. 공통점
3. 차이점
4. 판단 포인트
5. 출처

[추천/판단형]
예: 어떤 고객사에 적합한지, 추천할 만한지, go/no-go 판단
형식:
1. 추천/판단 요약
2. 추천 근거
3. 리스크 또는 주의사항
4. 불확실한 부분
5. 출처

[근거 제시형]
예: 근거 문장 보여줘, 원문 기준으로 알려줘, 문서 근거와 같이 보여줘
형식:
1. 답변
2. 근거 문장
3. 출처

[후속 질문형]
예: 그중 필수 조건만, 아까 비교한 내용 중 일정만, 다시 짧게 정리
형식:
1. 후속 답변
2. 이전 맥락과 연결되는 핵심 내용
3. 근거
4. 출처

[거절형]
예: 문서에 없는 내용, 문서 범위를 벗어난 질문, 근거 없는 추정 요청
형식:
1. 확인 결과
2. 확인할 수 없는 이유
3. 출처

[기본 형식]
위 유형 중 하나로 명확히 판단되지 않으면 아래 형식을 사용하세요.
1. 요약
2. 상세 내용
3. 근거
4. 출처",,0,"1. 확인 결과
- 해당 문서에서 확인할 수 없습니다. (불확실)

2. 확인할 수 없는 이유
- 질문에 근거할 RFP 또는 참고 문서가 제공되지 않았습니다. 제공된 정보에는 ""[참고 문서] 검색된 문서가 없습니다.""라고만 기재되어 있어, 고려대 포털 학사 시스템 구축 사업의 구축 목표를 문서 근거로 확인할 수 없습니다.

3. 출처
- 참고 문서: 검색된 문서가 없습니다.",fuzzy_org,2
국민연금공단의 2024년 이러닝시스템 운영 용역의 사업 금액과 입찰 마감일을 함께 알려줘.,[],ok,generate,"1. 답변
해당 문서에서 확인할 수 없습니다. (불확실)

2. 근거
제공된 참조 문서가 없습니다(""검색된 문서가 없습니다."")하여 국민연금공단 2024년 이러닝시스템 운영 용역의 사업 금액 및 입찰 마감일을 확인할 수 없습니다.

3. 출처
검색된 문서 없음","1. 답변
해당 문서에서 확인할 수 없습니다. (불확실)

2. 근거
제공된 참조 문서가 없습니다(""검색된 문서가 없습니다."")하여 국민연금공단 2024년 이러닝시스템 운영 용역의 사업 금액 및 입찰 마감일을 확인할 수 없습니다.

3. 출처
검색된 문서 없음",검색된 문서가 없습니다.,"[참고 문서]
검색된 문서가 없습니다.

[최근 대화]
없음

[질문]
국민연금공단의 2024년 이러닝시스템 운영 용역의 사업 금액과 입찰 마감일을 함께 알려줘.

[답변 형식 선택 규칙]
- 질문 의도를 먼저 파악한 뒤 가장 적절한 형식을 선택하세요.
- 하나의 질문이 여러 유형을 동시에 포함하면, 더 핵심적인 요청을 우선하세요.
- 비교 요청이 있으면 비교 형식을 우선하세요.
- 추천/판단 요청이 있으면 추천 근거와 리스크를 함께 제시하세요.
- 근거/원문 요청이 있으면 근거 문장을 별도 항목으로 제시하세요.
- 후속 질문이면 최근 대화 맥락을 반영하세요.
- 문서 범위를 벗어나면 ""해당 문서에서 확인할 수 없습니다.""라고 답하세요.

[사실 확인형]
예: 예산, 기관, 일정, 제출 방식, 제출 서류
형식:
1. 답변
2. 근거
3. 출처

[조건 확인형]
예: 자격요건, 유지보수 포함 여부, 공동수급 가능 여부, 보안 요구 존재 여부
형식:
1. 확인 결과 (있음 / 없음 / 불확실)
2. 세부 내용
3. 근거
4. 출처

[요약형]
예: 목적, 배경, 핵심 요구사항, 기능/비기능 정리
형식:
1. 요약
2. 상세 정리
3. 핵심 근거
4. 출처

[비교형]
예: 두 사업 비교, 공통점/차이점, 어느 쪽이 더 어려운지
형식:
1. 비교 요약
2. 공통점
3. 차이점
4. 판단 포인트
5. 출처

[추천/판단형]
예: 어떤 고객사에 적합한지, 추천할 만한지, go/no-go 판단
형식:
1. 추천/판단 요약
2. 추천 근거
3. 리스크 또는 주의사항
4. 불확실한 부분
5. 출처

[근거 제시형]
예: 근거 문장 보여줘, 원문 기준으로 알려줘, 문서 근거와 같이 보여줘
형식:
1. 답변
2. 근거 문장
3. 출처

[후속 질문형]
예: 그중 필수 조건만, 아까 비교한 내용 중 일정만, 다시 짧게 정리
형식:
1. 후속 답변
2. 이전 맥락과 연결되는 핵심 내용
3. 근거
4. 출처

[거절형]
예: 문서에 없는 내용, 문서 범위를 벗어난 질문, 근거 없는 추정 요청
형식:
1. 확인 결과
2. 확인할 수 없는 이유
3. 출처

[기본 형식]
위 유형 중 하나로 명확히 판단되지 않으면 아래 형식을 사용하세요.
1. 요약
2. 상세 내용
3. 근거
4. 출처",,0,"1. 답변
해당 문서에서 확인할 수 없습니다. (불확실)

2. 근거
제공된 참조 문서가 없습니다(""검색된 문서가 없습니다."")하여 국민연금공단 2024년 이러닝시스템 운영 용역의 사업 금액 및 입찰 마감일을 확인할 수 없습니다.

3. 출처
검색된 문서 없음",budget_and_date,1
"한국연구재단의 2024년 대학산학협력활동 실태조사 시스템(UICC) 기능개선 사업의 공개 일자, 입찰 시작일, 입찰 마감일을 알려줘.",[],ok,generate,"1. 답변
해당 문서에서 확인할 수 없습니다. (불확실)

2. 근거
참고로 제공된 문서가 없습니다: ""[참고 문서] 검색된 문서가 없습니다."" 따라서 한국연구재단의 2024년 대학산학협력활동 실태조사 시스템(UICC) 기능개선 사업의 공개 일자, 입찰 시작일, 입찰 마감일을 확인할 수 있는 근거 문서가 제공되지 않았습니다.

3. 출처
검색된 문서가 없습니다.","1. 답변
해당 문서에서 확인할 수 없습니다. (불확실)

2. 근거
참고로 제공된 문서가 없습니다: ""[참고 문서] 검색된 문서가 없습니다."" 따라서 한국연구재단의 2024년 대학산학협력활동 실태조사 시스템(UICC) 기능개선 사업의 공개 일자, 입찰 시작일, 입찰 마감일을 확인할 수 있는 근거 문서가 제공되지 않았습니다.

3. 출처
검색된 문서가 없습니다.",검색된 문서가 없습니다.,"[참고 문서]
검색된 문서가 없습니다.

[최근 대화]
없음

[질문]
한국연구재단의 2024년 대학산학협력활동 실태조사 시스템(UICC) 기능개선 사업의 공개 일자, 입찰 시작일, 입찰 마감일을 알려줘.

[답변 형식 선택 규칙]
- 질문 의도를 먼저 파악한 뒤 가장 적절한 형식을 선택하세요.
- 하나의 질문이 여러 유형을 동시에 포함하면, 더 핵심적인 요청을 우선하세요.
- 비교 요청이 있으면 비교 형식을 우선하세요.
- 추천/판단 요청이 있으면 추천 근거와 리스크를 함께 제시하세요.
- 근거/원문 요청이 있으면 근거 문장을 별도 항목으로 제시하세요.
- 후속 질문이면 최근 대화 맥락을 반영하세요.
- 문서 범위를 벗어나면 ""해당 문서에서 확인할 수 없습니다.""라고 답하세요.

[사실 확인형]
예: 예산, 기관, 일정, 제출 방식, 제출 서류
형식:
1. 답변
2. 근거
3. 출처

[조건 확인형]
예: 자격요건, 유지보수 포함 여부, 공동수급 가능 여부, 보안 요구 존재 여부
형식:
1. 확인 결과 (있음 / 없음 / 불확실)
2. 세부 내용
3. 근거
4. 출처

[요약형]
예: 목적, 배경, 핵심 요구사항, 기능/비기능 정리
형식:
1. 요약
2. 상세 정리
3. 핵심 근거
4. 출처

[비교형]
예: 두 사업 비교, 공통점/차이점, 어느 쪽이 더 어려운지
형식:
1. 비교 요약
2. 공통점
3. 차이점
4. 판단 포인트
5. 출처

[추천/판단형]
예: 어떤 고객사에 적합한지, 추천할 만한지, go/no-go 판단
형식:
1. 추천/판단 요약
2. 추천 근거
3. 리스크 또는 주의사항
4. 불확실한 부분
5. 출처

[근거 제시형]
예: 근거 문장 보여줘, 원문 기준으로 알려줘, 문서 근거와 같이 보여줘
형식:
1. 답변
2. 근거 문장
3. 출처

[후속 질문형]
예: 그중 필수 조건만, 아까 비교한 내용 중 일정만, 다시 짧게 정리
형식:
1. 후속 답변
2. 이전 맥락과 연결되는 핵심 내용
3. 근거
4. 출처

[거절형]
예: 문서에 없는 내용, 문서 범위를 벗어난 질문, 근거 없는 추정 요청
형식:
1. 확인 결과
2. 확인할 수 없는 이유
3. 출처

[기본 형식]
위 유형 중 하나로 명확히 판단되지 않으면 아래 형식을 사용하세요.
1. 요약
2. 상세 내용
3. 근거
4. 출처",,0,"1. 답변
해당 문서에서 확인할 수 없습니다. (불확실)

2. 근거
참고로 제공된 문서가 없습니다: ""[참고 문서] 검색된 문서가 없습니다."" 따라서 한국연구재단의 2024년 대학산학협력활동 실태조사 시스템(UICC) 기능개선 사업의 공개 일자, 입찰 시작일, 입찰 마감일을 확인할 수 있는 근거 문서가 제공되지 않았습니다.

3. 출처
검색된 문서가 없습니다.",budget_and_date,2
